{
    "hit@1": 0.023,
    "hit@5": 0.057,
    "hit@10": 0.068,
    "ndcg_linear@1": 0.023,
    "ndcg_linear@5": 0.04018897403647443,
    "ndcg_linear@10": 0.04365627413186413,
    "ndcg_exponential@1": 0.023,
    "ndcg_exponential@5": 0.04018897403647443,
    "ndcg_exponential@10": 0.04365627413186413,
    "precision@1": 0.023,
    "precision@5": 0.011400000000000002,
    "precision@10": 0.0068000000000000005,
    "recall@1": 0.023,
    "recall@5": 0.057,
    "recall@10": 0.068,
    "f1@1": 0.023,
    "f1@5": 0.019000000000000003,
    "f1@10": 0.012363636363636363,
    "map@1": 0.023,
    "map@5": 0.034666666666666665,
    "map@10": 0.0360468253968254,
    "mrr@1": 0.023,
    "mrr@5": 0.034666666666666665,
    "mrr@10": 0.0360468253968254,
    "num_pred": 1000,
    "num_data": 1000
}