{
    "hit@1": 0.122,
    "hit@5": 0.473,
    "hit@10": 0.623,
    "ndcg_linear@1": 0.122,
    "ndcg_linear@5": 0.3079809076784485,
    "ndcg_linear@10": 0.3569537151662897,
    "ndcg_exponential@1": 0.122,
    "ndcg_exponential@5": 0.3079809076784485,
    "ndcg_exponential@10": 0.3569537151662897,
    "precision@1": 0.122,
    "precision@5": 0.09459999999999999,
    "precision@10": 0.062299999999999994,
    "recall@1": 0.122,
    "recall@5": 0.473,
    "recall@10": 0.623,
    "f1@1": 0.122,
    "f1@5": 0.15766666666666668,
    "f1@10": 0.11327272727272729,
    "map@1": 0.122,
    "map@5": 0.2530833333333333,
    "map@10": 0.2735686507936508,
    "mrr@1": 0.122,
    "mrr@5": 0.2530833333333333,
    "mrr@10": 0.2735686507936508,
    "num_pred": 1000,
    "num_data": 1000
}