{
    "hit@1": 0.44,
    "hit@5": 0.681,
    "hit@10": 0.776,
    "ndcg_linear@1": 0.44,
    "ndcg_linear@5": 0.5705993460029049,
    "ndcg_linear@10": 0.6014740545963885,
    "ndcg_exponential@1": 0.44,
    "ndcg_exponential@5": 0.5705993460029049,
    "ndcg_exponential@10": 0.6014740545963885,
    "precision@1": 0.44,
    "precision@5": 0.1362,
    "precision@10": 0.07759999999999999,
    "recall@1": 0.44,
    "recall@5": 0.681,
    "recall@10": 0.776,
    "f1@1": 0.44,
    "f1@5": 0.22700000000000006,
    "f1@10": 0.1410909090909091,
    "map@1": 0.44,
    "map@5": 0.53365,
    "map@10": 0.546479761904762,
    "mrr@1": 0.44,
    "mrr@5": 0.53365,
    "mrr@10": 0.546479761904762,
    "num_pred": 1000,
    "num_data": 1000
}