{
    "hit@1": 0.066,
    "hit@5": 0.138,
    "hit@10": 0.179,
    "ndcg_linear@1": 0.066,
    "ndcg_linear@5": 0.10413875138183508,
    "ndcg_linear@10": 0.11746447727145326,
    "ndcg_exponential@1": 0.066,
    "ndcg_exponential@5": 0.10413875138183508,
    "ndcg_exponential@10": 0.11746447727145326,
    "precision@1": 0.066,
    "precision@5": 0.027600000000000003,
    "precision@10": 0.0179,
    "recall@1": 0.066,
    "recall@5": 0.138,
    "recall@10": 0.179,
    "f1@1": 0.066,
    "f1@5": 0.046000000000000006,
    "f1@10": 0.032545454545454544,
    "map@1": 0.066,
    "map@5": 0.09290000000000001,
    "map@10": 0.09844603174603174,
    "mrr@1": 0.066,
    "mrr@5": 0.09290000000000001,
    "mrr@10": 0.09844603174603174,
    "num_pred": 1000,
    "num_data": 1000
}