{
    "hit@1": 0.138,
    "hit@5": 0.327,
    "hit@10": 0.415,
    "ndcg_linear@1": 0.138,
    "ndcg_linear@5": 0.2351660048419594,
    "ndcg_linear@10": 0.26368793982376076,
    "ndcg_exponential@1": 0.138,
    "ndcg_exponential@5": 0.2351660048419594,
    "ndcg_exponential@10": 0.26368793982376076,
    "precision@1": 0.138,
    "precision@5": 0.06539999999999999,
    "precision@10": 0.0415,
    "recall@1": 0.138,
    "recall@5": 0.327,
    "recall@10": 0.415,
    "f1@1": 0.138,
    "f1@5": 0.10900000000000003,
    "f1@10": 0.07545454545454547,
    "map@1": 0.138,
    "map@5": 0.20493333333333333,
    "map@10": 0.21674325396825395,
    "mrr@1": 0.138,
    "mrr@5": 0.20493333333333333,
    "mrr@10": 0.21674325396825395,
    "num_pred": 1000,
    "num_data": 1000
}