{
    "hit@1": 0.449,
    "hit@5": 0.665,
    "hit@10": 0.737,
    "ndcg_linear@1": 0.449,
    "ndcg_linear@5": 0.5641229852934282,
    "ndcg_linear@10": 0.5875339853514197,
    "ndcg_exponential@1": 0.449,
    "ndcg_exponential@5": 0.5641229852934282,
    "ndcg_exponential@10": 0.5875339853514197,
    "precision@1": 0.449,
    "precision@5": 0.133,
    "precision@10": 0.07369999999999999,
    "recall@1": 0.449,
    "recall@5": 0.665,
    "recall@10": 0.737,
    "f1@1": 0.449,
    "f1@5": 0.22166666666666673,
    "f1@10": 0.13400000000000004,
    "map@1": 0.449,
    "map@5": 0.5305666666666666,
    "map@10": 0.5403051587301586,
    "mrr@1": 0.449,
    "mrr@5": 0.5305666666666666,
    "mrr@10": 0.5403051587301586,
    "num_pred": 1000,
    "num_data": 1000
}