{
    "hit@1": 0.921,
    "hit@5": 0.986,
    "hit@10": 0.993,
    "ndcg_linear@1": 0.921,
    "ndcg_linear@5": 0.9586086086895294,
    "ndcg_linear@10": 0.9610011341002921,
    "ndcg_exponential@1": 0.921,
    "ndcg_exponential@5": 0.9586086086895294,
    "ndcg_exponential@10": 0.9610011341002921,
    "precision@1": 0.921,
    "precision@5": 0.19720000000000004,
    "precision@10": 0.09930000000000001,
    "recall@1": 0.921,
    "recall@5": 0.986,
    "recall@10": 0.993,
    "f1@1": 0.921,
    "f1@5": 0.32866666666666666,
    "f1@10": 0.18054545454545454,
    "map@1": 0.921,
    "map@5": 0.9492,
    "map@10": 0.9502634920634921,
    "mrr@1": 0.921,
    "mrr@5": 0.9492,
    "mrr@10": 0.9502634920634921,
    "num_pred": 1000,
    "num_data": 1000
}