{
    "hit@1": 0.765,
    "hit@5": 0.929,
    "hit@10": 0.954,
    "ndcg_linear@1": 0.765,
    "ndcg_linear@5": 0.8556662427711026,
    "ndcg_linear@10": 0.8638083319263969,
    "ndcg_exponential@1": 0.765,
    "ndcg_exponential@5": 0.8556662427711026,
    "ndcg_exponential@10": 0.8638083319263969,
    "precision@1": 0.765,
    "precision@5": 0.18580000000000002,
    "precision@10": 0.09540000000000003,
    "recall@1": 0.765,
    "recall@5": 0.929,
    "recall@10": 0.954,
    "f1@1": 0.765,
    "f1@5": 0.3096666666666667,
    "f1@10": 0.17345454545454544,
    "map@1": 0.765,
    "map@5": 0.8309833333333333,
    "map@10": 0.8343765873015873,
    "mrr@1": 0.765,
    "mrr@5": 0.8309833333333333,
    "mrr@10": 0.8343765873015873,
    "num_pred": 1000,
    "num_data": 1000
}