{
    "hit@1": 0.457,
    "hit@5": 0.708,
    "hit@10": 0.797,
    "ndcg_linear@1": 0.457,
    "ndcg_linear@5": 0.591022278631063,
    "ndcg_linear@10": 0.6199765306029564,
    "ndcg_exponential@1": 0.457,
    "ndcg_exponential@5": 0.591022278631063,
    "ndcg_exponential@10": 0.6199765306029564,
    "precision@1": 0.457,
    "precision@5": 0.1416,
    "precision@10": 0.0797,
    "recall@1": 0.457,
    "recall@5": 0.708,
    "recall@10": 0.797,
    "f1@1": 0.457,
    "f1@5": 0.23600000000000004,
    "f1@10": 0.14490909090909093,
    "map@1": 0.457,
    "map@5": 0.5520333333333333,
    "map@10": 0.5640746031746032,
    "mrr@1": 0.457,
    "mrr@5": 0.5520333333333333,
    "mrr@10": 0.5640746031746032,
    "num_pred": 1000,
    "num_data": 1000
}