{
    "hit@1": 0.053,
    "hit@5": 0.141,
    "hit@10": 0.178,
    "ndcg_linear@1": 0.053,
    "ndcg_linear@5": 0.09867844548049148,
    "ndcg_linear@10": 0.11063903652105651,
    "ndcg_exponential@1": 0.053,
    "ndcg_exponential@5": 0.09867844548049148,
    "ndcg_exponential@10": 0.11063903652105651,
    "precision@1": 0.053,
    "precision@5": 0.028200000000000003,
    "precision@10": 0.0178,
    "recall@1": 0.053,
    "recall@5": 0.141,
    "recall@10": 0.178,
    "f1@1": 0.053,
    "f1@5": 0.047,
    "f1@10": 0.03236363636363636,
    "map@1": 0.053,
    "map@5": 0.08469999999999998,
    "map@10": 0.08963412698412697,
    "mrr@1": 0.053,
    "mrr@5": 0.08469999999999998,
    "mrr@10": 0.08963412698412697,
    "num_pred": 1000,
    "num_data": 1000
}