{
    "hit@1": 0.691,
    "hit@5": 0.899,
    "hit@10": 0.95,
    "ndcg_linear@1": 0.691,
    "ndcg_linear@5": 0.8059429172333836,
    "ndcg_linear@10": 0.8224331699015203,
    "ndcg_exponential@1": 0.691,
    "ndcg_exponential@5": 0.8059429172333836,
    "ndcg_exponential@10": 0.8224331699015203,
    "precision@1": 0.691,
    "precision@5": 0.17980000000000002,
    "precision@10": 0.09500000000000001,
    "recall@1": 0.691,
    "recall@5": 0.899,
    "recall@10": 0.95,
    "f1@1": 0.691,
    "f1@5": 0.2996666666666667,
    "f1@10": 0.17272727272727273,
    "map@1": 0.691,
    "map@5": 0.7746333333333333,
    "map@10": 0.7814349206349207,
    "mrr@1": 0.691,
    "mrr@5": 0.7746333333333333,
    "mrr@10": 0.7814349206349207,
    "num_pred": 1000,
    "num_data": 1000
}