{
    "hit@1": 0.651,
    "hit@5": 0.901,
    "hit@10": 0.951,
    "ndcg_linear@1": 0.651,
    "ndcg_linear@5": 0.7856496470310306,
    "ndcg_linear@10": 0.8020933610074827,
    "ndcg_exponential@1": 0.651,
    "ndcg_exponential@5": 0.7856496470310306,
    "ndcg_exponential@10": 0.8020933610074827,
    "precision@1": 0.651,
    "precision@5": 0.18020000000000003,
    "precision@10": 0.09510000000000002,
    "recall@1": 0.651,
    "recall@5": 0.901,
    "recall@10": 0.951,
    "f1@1": 0.651,
    "f1@5": 0.3003333333333334,
    "f1@10": 0.1729090909090909,
    "map@1": 0.651,
    "map@5": 0.7471333333333333,
    "map@10": 0.7540825396825396,
    "mrr@1": 0.651,
    "mrr@5": 0.7471333333333333,
    "mrr@10": 0.7540825396825396,
    "num_pred": 1000,
    "num_data": 1000
}