{
    "hit@1": 0.363,
    "hit@5": 0.512,
    "hit@10": 0.575,
    "ndcg_linear@1": 0.363,
    "ndcg_linear@5": 0.44101313810118004,
    "ndcg_linear@10": 0.46105902918807223,
    "ndcg_exponential@1": 0.363,
    "ndcg_exponential@5": 0.44101313810118004,
    "ndcg_exponential@10": 0.46105902918807223,
    "precision@1": 0.363,
    "precision@5": 0.1024,
    "precision@10": 0.057499999999999996,
    "recall@1": 0.363,
    "recall@5": 0.512,
    "recall@10": 0.575,
    "f1@1": 0.363,
    "f1@5": 0.17066666666666674,
    "f1@10": 0.10454545454545457,
    "map@1": 0.363,
    "map@5": 0.4175,
    "map@10": 0.4255797619047619,
    "mrr@1": 0.363,
    "mrr@5": 0.4175,
    "mrr@10": 0.4255797619047619,
    "num_pred": 1000,
    "num_data": 1000
}