{
    "hit@1": 0.537,
    "hit@5": 0.804,
    "hit@10": 0.896,
    "ndcg_linear@1": 0.537,
    "ndcg_linear@5": 0.6809548149145628,
    "ndcg_linear@10": 0.7109485947273892,
    "ndcg_exponential@1": 0.537,
    "ndcg_exponential@5": 0.6809548149145628,
    "ndcg_exponential@10": 0.7109485947273892,
    "precision@1": 0.537,
    "precision@5": 0.1608,
    "precision@10": 0.08960000000000001,
    "recall@1": 0.537,
    "recall@5": 0.804,
    "recall@10": 0.896,
    "f1@1": 0.537,
    "f1@5": 0.26800000000000007,
    "f1@10": 0.16290909090909092,
    "map@1": 0.537,
    "map@5": 0.6398833333333334,
    "map@10": 0.6523972222222223,
    "mrr@1": 0.537,
    "mrr@5": 0.6398833333333334,
    "mrr@10": 0.6523972222222223,
    "num_pred": 1000,
    "num_data": 1000
}