{
    "hit@1": 0.537,
    "hit@5": 0.859,
    "hit@10": 0.917,
    "ndcg_linear@1": 0.537,
    "ndcg_linear@5": 0.7181624306636938,
    "ndcg_linear@10": 0.7374018006993424,
    "ndcg_exponential@1": 0.537,
    "ndcg_exponential@5": 0.7181624306636938,
    "ndcg_exponential@10": 0.7374018006993424,
    "precision@1": 0.537,
    "precision@5": 0.1718,
    "precision@10": 0.09170000000000002,
    "recall@1": 0.537,
    "recall@5": 0.859,
    "recall@10": 0.917,
    "f1@1": 0.537,
    "f1@5": 0.2863333333333334,
    "f1@10": 0.16672727272727275,
    "map@1": 0.537,
    "map@5": 0.6703666666666666,
    "map@10": 0.6785861111111111,
    "mrr@1": 0.537,
    "mrr@5": 0.6703666666666666,
    "mrr@10": 0.6785861111111111,
    "num_pred": 1000,
    "num_data": 1000
}