{
    "hit@1": 0.738,
    "hit@5": 0.89,
    "hit@10": 0.935,
    "ndcg_linear@1": 0.738,
    "ndcg_linear@5": 0.8228362996750279,
    "ndcg_linear@10": 0.8378126209348229,
    "ndcg_exponential@1": 0.738,
    "ndcg_exponential@5": 0.8228362996750279,
    "ndcg_exponential@10": 0.8378126209348229,
    "precision@1": 0.738,
    "precision@5": 0.178,
    "precision@10": 0.09350000000000001,
    "recall@1": 0.738,
    "recall@5": 0.89,
    "recall@10": 0.935,
    "f1@1": 0.738,
    "f1@5": 0.2966666666666667,
    "f1@10": 0.17,
    "map@1": 0.738,
    "map@5": 0.8001333333333334,
    "map@10": 0.8065623015873016,
    "mrr@1": 0.738,
    "mrr@5": 0.8001333333333334,
    "mrr@10": 0.8065623015873016,
    "num_pred": 1000,
    "num_data": 1000
}