{
    "hit@1": 0.112,
    "hit@5": 0.326,
    "hit@10": 0.431,
    "ndcg_linear@1": 0.112,
    "ndcg_linear@5": 0.22426199002148836,
    "ndcg_linear@10": 0.25816859137185005,
    "ndcg_exponential@1": 0.112,
    "ndcg_exponential@5": 0.22426199002148836,
    "ndcg_exponential@10": 0.25816859137185005,
    "precision@1": 0.112,
    "precision@5": 0.0652,
    "precision@10": 0.04309999999999999,
    "recall@1": 0.112,
    "recall@5": 0.326,
    "recall@10": 0.431,
    "f1@1": 0.112,
    "f1@5": 0.10866666666666669,
    "f1@10": 0.07836363636363637,
    "map@1": 0.112,
    "map@5": 0.19058333333333335,
    "map@10": 0.2045515873015873,
    "mrr@1": 0.112,
    "mrr@5": 0.19058333333333335,
    "mrr@10": 0.2045515873015873,
    "num_pred": 1000,
    "num_data": 1000
}