{
    "hit@1": 0.577,
    "hit@5": 0.763,
    "hit@10": 0.817,
    "ndcg_linear@1": 0.577,
    "ndcg_linear@5": 0.6767361063616981,
    "ndcg_linear@10": 0.6942392622516811,
    "ndcg_exponential@1": 0.577,
    "ndcg_exponential@5": 0.6767361063616981,
    "ndcg_exponential@10": 0.6942392622516811,
    "precision@1": 0.577,
    "precision@5": 0.15259999999999999,
    "precision@10": 0.0817,
    "recall@1": 0.577,
    "recall@5": 0.763,
    "recall@10": 0.817,
    "f1@1": 0.577,
    "f1@5": 0.25433333333333336,
    "f1@10": 0.14854545454545456,
    "map@1": 0.577,
    "map@5": 0.6480166666666667,
    "map@10": 0.6552678571428571,
    "mrr@1": 0.577,
    "mrr@5": 0.6480166666666667,
    "mrr@10": 0.6552678571428571,
    "num_pred": 1000,
    "num_data": 1000
}