{
    "hit@1": 0.427,
    "hit@5": 0.701,
    "hit@10": 0.781,
    "ndcg_linear@1": 0.427,
    "ndcg_linear@5": 0.5749690099972695,
    "ndcg_linear@10": 0.6010829562299693,
    "ndcg_exponential@1": 0.427,
    "ndcg_exponential@5": 0.5749690099972695,
    "ndcg_exponential@10": 0.6010829562299693,
    "precision@1": 0.427,
    "precision@5": 0.1402,
    "precision@10": 0.07809999999999999,
    "recall@1": 0.427,
    "recall@5": 0.701,
    "recall@10": 0.781,
    "f1@1": 0.427,
    "f1@5": 0.23366666666666674,
    "f1@10": 0.142,
    "map@1": 0.427,
    "map@5": 0.5328333333333334,
    "map@10": 0.5437492063492063,
    "mrr@1": 0.427,
    "mrr@5": 0.5328333333333334,
    "mrr@10": 0.5437492063492063,
    "num_pred": 1000,
    "num_data": 1000
}