{
    "hit@1": 0.562,
    "hit@5": 0.76,
    "hit@10": 0.837,
    "ndcg_linear@1": 0.562,
    "ndcg_linear@5": 0.670517582705716,
    "ndcg_linear@10": 0.6955125503403403,
    "ndcg_exponential@1": 0.562,
    "ndcg_exponential@5": 0.670517582705716,
    "ndcg_exponential@10": 0.6955125503403403,
    "precision@1": 0.562,
    "precision@5": 0.152,
    "precision@10": 0.08369999999999998,
    "recall@1": 0.562,
    "recall@5": 0.76,
    "recall@10": 0.837,
    "f1@1": 0.562,
    "f1@5": 0.25333333333333335,
    "f1@10": 0.1521818181818182,
    "map@1": 0.562,
    "map@5": 0.6404833333333333,
    "map@10": 0.6508551587301588,
    "mrr@1": 0.562,
    "mrr@5": 0.6404833333333333,
    "mrr@10": 0.6508551587301588,
    "num_pred": 1000,
    "num_data": 1000
}