{
    "hit@1": 0.152,
    "hit@5": 0.3,
    "hit@10": 0.369,
    "ndcg_linear@1": 0.152,
    "ndcg_linear@5": 0.22930638150389965,
    "ndcg_linear@10": 0.2516895949321567,
    "ndcg_exponential@1": 0.152,
    "ndcg_exponential@5": 0.22930638150389965,
    "ndcg_exponential@10": 0.2516895949321567,
    "precision@1": 0.152,
    "precision@5": 0.06,
    "precision@10": 0.036899999999999995,
    "recall@1": 0.152,
    "recall@5": 0.3,
    "recall@10": 0.369,
    "f1@1": 0.152,
    "f1@5": 0.10000000000000003,
    "f1@10": 0.06709090909090909,
    "map@1": 0.152,
    "map@5": 0.20579999999999998,
    "map@10": 0.21507738095238096,
    "mrr@1": 0.152,
    "mrr@5": 0.20579999999999998,
    "mrr@10": 0.21507738095238096,
    "num_pred": 1000,
    "num_data": 1000
}