{
    "hit@1": 0.726,
    "hit@5": 0.951,
    "hit@10": 0.981,
    "ndcg_linear@1": 0.726,
    "ndcg_linear@5": 0.8509405957327747,
    "ndcg_linear@10": 0.8608706805957281,
    "ndcg_exponential@1": 0.726,
    "ndcg_exponential@5": 0.8509405957327747,
    "ndcg_exponential@10": 0.8608706805957281,
    "precision@1": 0.726,
    "precision@5": 0.1902,
    "precision@10": 0.09810000000000002,
    "recall@1": 0.726,
    "recall@5": 0.951,
    "recall@10": 0.981,
    "f1@1": 0.726,
    "f1@5": 0.317,
    "f1@10": 0.17836363636363634,
    "map@1": 0.726,
    "map@5": 0.8171333333333333,
    "map@10": 0.8213650793650794,
    "mrr@1": 0.726,
    "mrr@5": 0.8171333333333333,
    "mrr@10": 0.8213650793650794,
    "num_pred": 1000,
    "num_data": 1000
}