{
    "hit@1": 0.112,
    "hit@5": 0.245,
    "hit@10": 0.299,
    "ndcg_linear@1": 0.112,
    "ndcg_linear@5": 0.182576708069227,
    "ndcg_linear@10": 0.19980372678577932,
    "ndcg_exponential@1": 0.112,
    "ndcg_exponential@5": 0.182576708069227,
    "ndcg_exponential@10": 0.19980372678577932,
    "precision@1": 0.112,
    "precision@5": 0.049,
    "precision@10": 0.0299,
    "recall@1": 0.112,
    "recall@5": 0.245,
    "recall@10": 0.299,
    "f1@1": 0.112,
    "f1@5": 0.08166666666666668,
    "f1@10": 0.054363636363636364,
    "map@1": 0.112,
    "map@5": 0.16190000000000002,
    "map@10": 0.16887857142857143,
    "mrr@1": 0.112,
    "mrr@5": 0.16190000000000002,
    "mrr@10": 0.16887857142857143,
    "num_pred": 1000,
    "num_data": 1000
}