{
    "hit@1": 0.283,
    "hit@5": 0.521,
    "hit@10": 0.634,
    "ndcg_linear@1": 0.283,
    "ndcg_linear@5": 0.40856731476012514,
    "ndcg_linear@10": 0.44497774548321595,
    "ndcg_exponential@1": 0.283,
    "ndcg_exponential@5": 0.40856731476012514,
    "ndcg_exponential@10": 0.44497774548321595,
    "precision@1": 0.283,
    "precision@5": 0.10419999999999999,
    "precision@10": 0.0634,
    "recall@1": 0.283,
    "recall@5": 0.521,
    "recall@10": 0.634,
    "f1@1": 0.283,
    "f1@5": 0.17366666666666672,
    "f1@10": 0.11527272727272729,
    "map@1": 0.283,
    "map@5": 0.37126666666666663,
    "map@10": 0.38621190476190476,
    "mrr@1": 0.283,
    "mrr@5": 0.37126666666666663,
    "mrr@10": 0.38621190476190476,
    "num_pred": 1000,
    "num_data": 1000
}