{
    "hit@1": 0.878,
    "hit@5": 0.956,
    "hit@10": 0.963,
    "ndcg_linear@1": 0.878,
    "ndcg_linear@5": 0.9212323621366261,
    "ndcg_linear@10": 0.9234668310820594,
    "ndcg_exponential@1": 0.878,
    "ndcg_exponential@5": 0.9212323621366261,
    "ndcg_exponential@10": 0.9234668310820594,
    "precision@1": 0.878,
    "precision@5": 0.19120000000000004,
    "precision@10": 0.09630000000000001,
    "recall@1": 0.878,
    "recall@5": 0.956,
    "recall@10": 0.963,
    "f1@1": 0.878,
    "f1@5": 0.3186666666666667,
    "f1@10": 0.1750909090909091,
    "map@1": 0.878,
    "map@5": 0.9095,
    "map@10": 0.9104055555555556,
    "mrr@1": 0.878,
    "mrr@5": 0.9095,
    "mrr@10": 0.9104055555555556,
    "num_pred": 1000,
    "num_data": 1000
}