{
    "hit@1": 0.841,
    "hit@5": 0.937,
    "hit@10": 0.954,
    "ndcg_linear@1": 0.841,
    "ndcg_linear@5": 0.8947596954286449,
    "ndcg_linear@10": 0.900306195675438,
    "ndcg_exponential@1": 0.841,
    "ndcg_exponential@5": 0.8947596954286449,
    "ndcg_exponential@10": 0.900306195675438,
    "precision@1": 0.841,
    "precision@5": 0.18740000000000004,
    "precision@10": 0.09540000000000003,
    "recall@1": 0.841,
    "recall@5": 0.937,
    "recall@10": 0.954,
    "f1@1": 0.841,
    "f1@5": 0.31233333333333335,
    "f1@10": 0.17345454545454544,
    "map@1": 0.841,
    "map@5": 0.8804500000000001,
    "map@10": 0.8827623015873016,
    "mrr@1": 0.841,
    "mrr@5": 0.8804500000000001,
    "mrr@10": 0.8827623015873016,
    "num_pred": 1000,
    "num_data": 1000
}