{
    "hit@1": 0.022,
    "hit@5": 0.113,
    "hit@10": 0.177,
    "ndcg_linear@1": 0.022,
    "ndcg_linear@5": 0.06715993776600224,
    "ndcg_linear@10": 0.0878875784545558,
    "ndcg_exponential@1": 0.022,
    "ndcg_exponential@5": 0.06715993776600224,
    "ndcg_exponential@10": 0.0878875784545558,
    "precision@1": 0.022,
    "precision@5": 0.022600000000000002,
    "precision@10": 0.017700000000000004,
    "recall@1": 0.022,
    "recall@5": 0.113,
    "recall@10": 0.177,
    "f1@1": 0.022,
    "f1@5": 0.037666666666666675,
    "f1@10": 0.032181818181818186,
    "map@1": 0.022,
    "map@5": 0.05221666666666667,
    "map@10": 0.060786904761904764,
    "mrr@1": 0.022,
    "mrr@5": 0.05221666666666667,
    "mrr@10": 0.060786904761904764,
    "num_pred": 1000,
    "num_data": 1000
}