{
    "hit@1": 0.597,
    "hit@5": 0.761,
    "hit@10": 0.818,
    "ndcg_linear@1": 0.597,
    "ndcg_linear@5": 0.6840920122743194,
    "ndcg_linear@10": 0.7024380095889473,
    "ndcg_exponential@1": 0.597,
    "ndcg_exponential@5": 0.6840920122743194,
    "ndcg_exponential@10": 0.7024380095889473,
    "precision@1": 0.597,
    "precision@5": 0.1522,
    "precision@10": 0.08180000000000001,
    "recall@1": 0.597,
    "recall@5": 0.761,
    "recall@10": 0.818,
    "f1@1": 0.597,
    "f1@5": 0.2536666666666667,
    "f1@10": 0.1487272727272727,
    "map@1": 0.597,
    "map@5": 0.6585,
    "map@10": 0.666022619047619,
    "mrr@1": 0.597,
    "mrr@5": 0.6585,
    "mrr@10": 0.666022619047619,
    "num_pred": 1000,
    "num_data": 1000
}