{
    "hit@1": 0.06,
    "hit@5": 0.199,
    "hit@10": 0.273,
    "ndcg_linear@1": 0.06,
    "ndcg_linear@5": 0.13133889929608136,
    "ndcg_linear@10": 0.15517019710999813,
    "ndcg_exponential@1": 0.06,
    "ndcg_exponential@5": 0.13133889929608136,
    "ndcg_exponential@10": 0.15517019710999813,
    "precision@1": 0.06,
    "precision@5": 0.039799999999999995,
    "precision@10": 0.027300000000000005,
    "recall@1": 0.06,
    "recall@5": 0.199,
    "recall@10": 0.273,
    "f1@1": 0.06,
    "f1@5": 0.06633333333333334,
    "f1@10": 0.04963636363636364,
    "map@1": 0.06,
    "map@5": 0.10906666666666666,
    "map@10": 0.1188452380952381,
    "mrr@1": 0.06,
    "mrr@5": 0.10906666666666666,
    "mrr@10": 0.1188452380952381,
    "num_pred": 1000,
    "num_data": 1000
}