{
    "hit@1": 0.666,
    "hit@5": 0.928,
    "hit@10": 0.963,
    "ndcg_linear@1": 0.666,
    "ndcg_linear@5": 0.8107646552994985,
    "ndcg_linear@10": 0.8223552136100938,
    "ndcg_exponential@1": 0.666,
    "ndcg_exponential@5": 0.8107646552994985,
    "ndcg_exponential@10": 0.8223552136100938,
    "precision@1": 0.666,
    "precision@5": 0.18560000000000001,
    "precision@10": 0.09630000000000001,
    "recall@1": 0.666,
    "recall@5": 0.928,
    "recall@10": 0.963,
    "f1@1": 0.666,
    "f1@5": 0.30933333333333335,
    "f1@10": 0.1750909090909091,
    "map@1": 0.666,
    "map@5": 0.7712333333333333,
    "map@10": 0.776172619047619,
    "mrr@1": 0.666,
    "mrr@5": 0.7712333333333333,
    "mrr@10": 0.776172619047619,
    "num_pred": 1000,
    "num_data": 1000
}