{
    "hit@1": 0.72,
    "hit@5": 0.927,
    "hit@10": 0.966,
    "ndcg_linear@1": 0.72,
    "ndcg_linear@5": 0.8367469773448062,
    "ndcg_linear@10": 0.8495254903401915,
    "ndcg_exponential@1": 0.72,
    "ndcg_exponential@5": 0.8367469773448062,
    "ndcg_exponential@10": 0.8495254903401915,
    "precision@1": 0.72,
    "precision@5": 0.18540000000000004,
    "precision@10": 0.0966,
    "recall@1": 0.72,
    "recall@5": 0.927,
    "recall@10": 0.966,
    "f1@1": 0.72,
    "f1@5": 0.309,
    "f1@10": 0.17563636363636362,
    "map@1": 0.72,
    "map@5": 0.8060999999999999,
    "map@10": 0.8114702380952381,
    "mrr@1": 0.72,
    "mrr@5": 0.8060999999999999,
    "mrr@10": 0.8114702380952381,
    "num_pred": 1000,
    "num_data": 1000
}