{
    "hit@1": 0.612,
    "hit@5": 0.776,
    "hit@10": 0.833,
    "ndcg_linear@1": 0.612,
    "ndcg_linear@5": 0.7024718999045888,
    "ndcg_linear@10": 0.7207676594513241,
    "ndcg_exponential@1": 0.612,
    "ndcg_exponential@5": 0.7024718999045888,
    "ndcg_exponential@10": 0.7207676594513241,
    "precision@1": 0.612,
    "precision@5": 0.15519999999999998,
    "precision@10": 0.08330000000000001,
    "recall@1": 0.612,
    "recall@5": 0.776,
    "recall@10": 0.833,
    "f1@1": 0.612,
    "f1@5": 0.25866666666666677,
    "f1@10": 0.15145454545454548,
    "map@1": 0.612,
    "map@5": 0.6776833333333334,
    "map@10": 0.6851559523809524,
    "mrr@1": 0.612,
    "mrr@5": 0.6776833333333334,
    "mrr@10": 0.6851559523809524,
    "num_pred": 1000,
    "num_data": 1000
}